<?xml version="1.0" encoding="UTF-8"?>
<!DOCTYPE hibernate-configuration PUBLIC
		"-//Hibernate/Hibernate Configuration DTD 3.0//EN"
		"http://www.hibernate.org/dtd/hibernate-configuration-3.0.dtd">
<hibernate-configuration>
    <session-factory>
    	<property name="hbm2ddl.auto">create</property>
  		<property name="show_sql">true</property>
        <property name="hibernate.connection.driver_class">com.mysql.cj.jdbc.Driver</property>
        <property name="hibernate.connection.password">Rakesh@1234</property>
        <property name="hibernate.connection.url">jdbc:mysql://localhost:3306/bushibernate</property>
        <property name="hibernate.connection.username">root</property>
        <property name="hibernate.dialect">org.hibernate.dialect.MySQLDialect</property>
        
        <!-- Entities -->
        <mapping class="myPack.BusReservationSystem.Admin"/>
        <mapping class="myPack.BusReservationSystem.User"/>
        <mapping class="myPack.BusReservationSystem.Bus"/>
        <mapping class="myPack.BusReservationSystem.Booking"/>
        
    </session-factory>
</hibernate-configuration> 
